irrigate,time
True,12.090212106704712
False,28.09446096420288
True,41.62618660926819
False,57.63297128677368
True,68.77251315116882
False,84.77617359161377
